Dumpster,Month,Year,Date,Weight (tons),Volume (cubic yards),Plastic Bottles,Polystyrene,Cigarette Butts,Glass Bottles,Plastic Bags,Wrappers,Sports Balls,Homes Powered
1,March,2014,5/16/2014,4.31,18,1450,1820,126000,72,584,1162,7,0
2,March,2014,5/16/2014,2.74,13,1120,1030,91000,42,496,874,5,0
3,March,2014,5/16/2014,3.45,15,2450,3100,105000,50,1080,2032,6,0
4,March,2014,5/17/2014,3.1,15,2380,2730,100000,52,896,1971,6,0
5,March,2014,5/17/2014,4.06,18,980,870,120000,72,368,753,7,0
6,March,2014,5/20/2014,2.71,13,1430,2140,90000,46,672,1144,5,0
7,March,2014,5/21/2014,1.91,8,910,1090,56000,32,416,692,3,0
8,March,2014,5/28/2014,3.7,16,3580,4310,112000,58,1552,3015,6,0
9,June,2014,6/5/2014,2.52,14,2400,2790,98000,49,984,1988,6,0
10,June,2014,6/11/2014,3.76,18,1340,1730,130000,75,448,1066,7,0
11,June,2014,6/11/2014,3.43,15,740,869,110000,38,344,544,6,0
12,June,2014,6/12/2014,4.17,19,950,1140,133000,45,520,727,8,0
13,June,2014,6/13/2014,5.13,15,530,630,104000,58,224,361,6,0
14,June,2014,6/13/2014,4.17,15,840,760,100000,62,344,631,6,0
15,June,2014,6/19/2014,3.28,15,1130,1350,102000,64,432,883,6,0
16,June,2014,6/19/2014,3.05,15,1640,2130,106000,56,752,1327,6,0
17,June,2014,6/28/2014,2.49,13,1350,1620,89000,47,696,1075,5,0
18,July,2014,7/3/2014,2.54,15,1640,1960,108000,65,744,1327,6,0
19,July,2014,7/7/2014,2.41,15,1730,2100,107000,63,896,1405,6,0
20,July,2014,7/11/2014,3.83,18,5960,6540,132000,79,2560,5085,7,0
21,July,2014,7/14/2014,2.73,15,2170,2620,112000,32,1144,1788,6,0
22,July,2014,7/15/2014,4.4,16,1930,2210,115000,53,688,1579,6,0
23,July,2014,7/15/2014,2.79,14,3200,3840,98000,25,1464,2684,6,0
24,July,2014,7/25/2014,2.5,13,2500,3040,85000,18,1248,2075,5,0
25,August,2014,8/4/2014,4.39,16,2140,2050,118000,68,904,1762,6,0
26,August,2014,8/4/2014,5.33,17,1630,1950,123000,75,512,1318,7,0
27,August,2014,8/13/2014,3.58,20,3640,4360,141000,82,1560,3067,8,0
28,August,2014,8/13/2014,3.1,17,1430,1870,121000,63,552,1144,7,0
29,August,2014,8/19/2014,1.77,10,570,780,32000,21,310,1440,4,0
30,September,2014,9/3/2014,3.76,18,4800,3640,310000,110,1880,2200,7,0
31,September,2014,9/24/2014,1.24,8,550,860,18000,11,420,1040,3,0
32,September,2014,9/26/2014,3.14,15,2240,2880,112000,42,1200,1860,6,0
33,October,2014,10/3/2014,2.71,16,4220,4840,84000,38,1400,2140,6,0
34,October,2014,10/9/2014,2.11,14,1400,1650,80000,18,1450,2030,6,0
35,October,2014,10/20/2014,4.09,18,2820,3010,78000,7,990,1450,7,0
36,October,2014,10/20/2014,2.31,14,1900,2240,81000,22,840,1260,6,0
37,October,2014,10/24/2014,3.5,15,3650,3880,94000,51,1210,1840,6,0
38,November,2014,11/6/2014,2.7,15,760,1680,22000,18,960,1720,6,0
39,November,2014,11/17/2014,3.25,18,1250,2730,46000,28,1130,2340,7,0
40,November,2014,11/20/2014,3.84,15,880,1840,35000,14,730,1760,6,0
41,November,2014,11/28/2014,2.88,15,1800,3970,52000,32,560,1850,6,0
42,December,2014,12/1/2014,1.81,17,1370,3140,38000,28,950,1620,7,0
43,December,2014,12/17/2014,3.48,15,550,1450,22000,34,740,1280,6,0
44,December,2014,12/30/2014,3.18,15,640,1670,26000,42,880,1540,6,0
45,January,2015,1/12/2015,2.87,17,1160,2250,31000,60,1120,2450,7,0
46,January,2015,1/23/2015,2,14,1570,2400,33000,37,380,910,6,0
47,January,2015,1/26/2015,2.14,13,1340,2650,28000,46,430,1170,5,0
48,February,2015,2/4/2015,2.54,15,1740,2250,22000,38,320,980,3,42
49,March,2015,3/9/2015,3.82,18,2870,3240,25000,26,540,860,8,64
50,March,2015,3/13/2015,1.83,15,3120,5430,32000,54,650,1120,16,31
51,March,2015,3/27/2015,2.02,15,2780,4980,26000,47,470,960,14,34
52,April,2015,4/8/2015,2.5,18,2240,2360,27000,46,270,840,13,42
53,April,2015,4/10/2015,3.41,15,2550,3420,32000,32,320,1260,16,57
54,April,2015,4/19/2015,1.83,11,1470,1840,18000,22,240,680,8,31
55,April,2015,4/20/2015,3.84,18,1240,1630,23000,18,430,760,5,64
56,April,2015,4/20/2015,3.22,15,1150,1420,19000,16,370,590,8,54
57,April,2015,4/20/2015,3.03,15,2850,3160,18000,15,350,610,11,0
58,April,2015,4/20/2015,2.64,18,960,1280,22000,22,450,820,7,0
59,April,2015,4/20/2015,3.54,15,870,1140,18000,17,330,620,6,59
60,March,2015,5/15/2015,1.95,9,1340,2150,22000,16,190,530,8,33
61,March,2015,5/17/2015,4.25,18,2630,3480,38000,36,1240,1760,22,71
62,March,2015,5/17/2015,5.62,15,1850,3270,54000,44,970,1320,28,94
63,March,2015,5/18/2015,3.81,15,2830,3780,48000,28,650,1130,19,64
64,March,2015,5/19/2015,3.45,18,1740,2630,32000,16,820,1250,32,58
65,March,2015,5/19/2015,3.34,15,2780,3250,37000,32,1140,1960,24,56
66,June,2015,6/1/2015,2.54,15,1260,1830,56000,56,1230,2140,26,42
67,June,2015,6/9/2015,4.66,18,2340,3460,48000,42,1620,1840,36,78
68,June,2015,6/9/2015,3.39,15,3240,4360,33000,23,1430,1760,24,57
69,June,2015,6/9/2015,3.17,15,940,1220,35000,18,840,960,9,53
70,June,2015,6/9/2015,3.15,18,830,1150,37000,26,920,1050,16,53
71,June,2015,6/9/2015,3.83,15,960,1190,33000,22,730,940,22,0
72,June,2015,6/10/2015,4.78,15,870,1040,32000,24,820,960,17,80
73,June,2015,6/10/2015,3.85,18,920,1290,34000,26,930,1020,13,0
74,June,2015,6/10/2015,4.48,15,1130,1370,38000,29,1270,1450,14,0
75,June,2015,6/10/2015,4.18,15,1060,1250,37000,27,1340,1420,21,0
76,June,2015,6/10/2015,3.38,18,740,930,34000,19,1130,1340,15,0
77,June,2015,6/10/2015,3.83,15,950,1220,35000,21,1370,1430,13,0
78,June,2015,6/12/2015,3.95,15,2340,3250,65000,45,2730,3340,18,0
79,June,2015,6/15/2015,2.44,18,2660,3420,72000,37,2430,3170,16,41
80,June,2015,6/18/2015,2.85,15,2430,3120,68000,35,2370,2820,22,48
81,June,2015,6/24/2015,3.43,15,2690,3370,82000,29,1910,2180,32,57
82,June,2015,6/24/2015,4.28,18,1540,1780,45000,24,1830,1990,18,71
83,June,2015,6/24/2015,3.94,15,1240,1450,37000,31,1650,1780,21,66
84,June,2015,6/28/2015,3.38,15,2870,3560,68000,36,2140,2450,34,56
85,June,2015,6/28/2015,3.45,18,2450,3240,74000,41,2320,2750,19,58
86,June,2015,6/29/2015,3.93,15,1830,2240,36000,28,1630,2450,14,66
87,July,2015,7/7/2015,4.07,15,2360,3120,82000,32,1840,2950,22,68
88,July,2015,7/8/2015,3.03,18,2640,3520,68000,28,1460,2630,16,51
89,July,2015,7/14/2015,3.52,15,2840,3360,65000,41,1690,2580,25,59
90,July,2015,7/14/2015,3.51,15,2640,3120,76000,38,2130,2760,27,59
91,July,2015,7/27/2015,3.68,18,3070,4250,82000,26,1770,2540,18,61
92,July,2015,7/29/2015,3.4,15,2820,3740,75000,31,2400,2940,20,57
93,August,2015,8/4/2015,3.72,15,2640,3250,68000,26,1860,2730,17,62
94,August,2015,8/18/2015,1.84,9,870,980,34000,13,750,930,56,31
95,August,2015,8/21/2015,3,15,3220,3460,67000,36,2170,2450,32,50
96,August,2015,8/25/2015,4.33,18,1980,2190,48000,21,1600,1840,22,72
97,August,2015,8/25/2015,4.3,15,410,540,3000,16,250,330,6,0
98,August,2015,8/26/2015,3.39,15,640,780,32000,18,350,560,3,0
99,September,2015,9/11/2015,4.08,18,2730,3140,54000,45,2430,2680,17,0
100,September,2015,9/11/2015,3.62,15,1360,1570,26000,25,1420,1570,13,0
101,September,2015,9/22/2015,2.4,7,760,1030,24000,16,780,1340,12,0
102,September,2015,9/30/2015,4.24,18,1240,1460,46000,43,860,920,7,0
103,September,2015,9/30/2015,3.31,15,800,920,32000,26,270,450,8,55
104,October,2015,10/12/2015,2.9,15,2540,2780,42000,54,2230,3140,16,0
105,October,2015,10/27/2015,2.46,18,2130,2560,34000,43,1970,2430,23,41
106,October,2015,10/31/2015,2.89,15,2670,2820,36000,35,2450,2830,33,48
107,November,2015,11/20/2015,4.46,15,1940,2230,28000,47,2960,3320,27,0
108,December,2015,12/2/2015,3.42,18,2140,2570,19000,62,3100,3540,15,0
109,December,2015,12/2/2015,3.56,15,1960,2340,21000,56,3300,4120,21,0
110,December,2015,12/23/2015,1.92,12,1640,2150,32000,32,2430,2660,9,32
111,December,2015,12/24/2015,2.9,18,1850,2670,33000,36,2770,3240,13,48
112,December,2015,12/26/2015,3.24,15,2370,3240,24000,42,1830,2250,22,54
113,December,2015,12/26/2015,4.41,15,2530,3300,41000,47,2190,3540,17,74
114,December,2015,12/26/2015,3.39,18,2720,3690,23000,22,2520,3360,27,57
115,December,2015,12/26/2015,3.27,15,2250,3180,37000,63,2740,2840,8,55
116,January,2016,1/10/2016,3.6,15,3240,4160,28000,54,1360,2580,17,60
117,February,2016,2/2/2016,4.06,18,3530,4620,24000,62,1850,2210,14,68
118,February,2016,2/3/2016,2.11,15,2340,3870,31000,46,2130,2680,21,35
119,February,2016,2/5/2016,3.01,15,2460,3640,27000,38,1920,2390,26,50
120,February,2016,2/17/2016,3.41,18,1340,1680,24000,22,1530,1940,6,57
121,February,2016,2/19/2016,3.66,15,950,1120,21000,32,1370,1640,4,61
122,February,2016,2/25/2016,4.51,15,2240,3150,36000,46,2450,3140,16,75
123,March,2016,3/1/2016,2.89,18,3050,3270,29000,24,1740,2250,24,48
124,March,2016,3/11/2016,2.89,15,1630,1820,18000,37,2150,2390,23,48
125,March,2016,3/12/2016,2.51,15,1120,1460,17000,43,2270,2490,18,42
126,March,2016,3/15/2016,3.58,18,3340,3640,45000,48,3450,3740,46,60
127,March,2016,3/29/2016,3.41,15,3560,3740,43000,53,3320,3570,38,57
128,April,2016,4/8/2016,2.79,15,2460,3150,38000,46,3540,3840,24,47
129,April,2016,4/30/2016,4.21,18,3860,4240,47000,18,3200,3470,36,70
130,April,2016,4/30/2016,4.88,15,3230,3640,52000,27,3750,3940,42,81
131,April,2016,4/30/2016,4.47,15,3760,4150,45000,40,2840,3270,23,75
132,April,2016,4/30/2016,3.29,18,3640,3520,52000,33,2530,2940,34,55
133,March,2016,5/7/2016,4.16,15,4230,4620,53000,34,2727,3360,38,69
134,March,2016,5/12/2016,2.93,15,3590,3840,47000,42,1760,2640,26,49
135,March,2016,5/31/2016,2.37,18,3740,4120,56000,65,1680,2530,32,40
136,June,2016,6/15/2016,2.57,15,4200,4630,38000,53,1480,1760,43,43
137,June,2016,6/16/2016,2.39,15,3840,3990,41000,32,1540,2030,38,40
138,June,2016,6/21/2016,3.98,15,4350,4120,45000,42,1630,2140,24,66
139,June,2016,6/22/2016,3.47,15,3960,3720,52000,38,1870,2200,35,58
140,June,2016,6/24/2016,3.97,18,4150,3970,48000,41,1530,1700,26,66
141,June,2016,6/30/2016,3.12,18,4450,4310,58000,43,2130,2410,29,52
142,July,2016,7/1/2016,3.17,15,3460,3820,43000,38,2240,2670,31,53
143,July,2016,7/13/2016,2.12,15,2850,3120,52000,53,1930,2150,28,35
144,July,2016,7/23/2016,2.31,18,3560,3780,65000,33,2460,2520,34,39
145,July,2016,7/28/2016,3.16,15,4130,4360,52000,54,2610,2900,26,53
146,July,2016,7/29/2016,4.02,15,4350,4600,55000,34,2430,2780,38,67
147,July,2016,7/29/2016,3.26,18,4420,4850,65000,48,2340,2580,25,54
148,July,2016,7/31/2016,3.82,15,2130,2240,35000,45,1830,2140,16,64
149,July,2016,7/31/2016,4.88,15,2450,2500,32000,33,1950,2070,24,81
150,August,2016,8/4/2016,5.05,18,2300,2260,16000,28,1360,1650,15,84
151,August,2016,8/16/2016,2.79,15,2850,3120,34000,42,2100,2630,31,47
152,August,2016,8/17/2016,3.47,15,2640,2900,38000,37,2340,2760,22,58
153,August,2016,8/19/2016,4.01,18,3250,3570,42000,56,2700,3020,28,67
154,August,2016,8/24/2016,3.18,15,2530,2740,52000,38,2810,3150,32,53
155,September,2016,9/2/2016,3.13,15,2780,2640,38000,21,2130,2830,15,52
156,September,2016,9/7/2016,2.43,18,2740,3360,24000,32,2210,2490,28,41
157,September,2016,9/19/2016,3.08,15,2530,3460,21000,38,2300,2760,33,51
158,October,2016,10/9/2016,2.9,15,1876,3990,27600,10,1240,1980,11,48
159,October,2016,10/27/2016,3,18,2340,3150,19000,46,2470,2810,37,50
160,November,2016,11/17/2016,2.01,15,2244,4358,27000,64,3400,3700,22,34
161,November,2016,11/29/2016,1.98,15,2980,4460,36000,18,1880,1610,11,33
162,November,2016,11/30/2016,2.75,18,3460,5840,16000,42,3260,3430,34,46
163,December,2016,12/1/2016,3.41,15,1840,4760,23000,43,3470,3800,6,57
164,December,2016,12/6/2016,2.55,15,1360,3850,34000,39,2340,4220,24,43
165,December,2016,12/16/2016,1.74,18,1880,2890,26000,59,2100,4040,20,29
166,December,2016,1/2/2017,2.13,15,2460,2740,32000,48,3250,4430,15,36
167,January,2017,1/19/2017,2.43,15,2260,2780,28000,36,2870,3640,22,41
168,February,2017,2/26/2017,2.32,18,2890,2460,30000,22,2610,3250,19,39
169,February,2017,2/26/2017,3.72,15,2140,1870,15000,23,2040,2450,12,62
170,March,2017,3/30/2017,2.14,15,2570,2930,23000,28,2650,2910,14,36
171,March,2017,3/31/2017,2.74,18,2030,2340,14000,18,1960,2150,18,46
172,March,2017,3/31/2017,2.63,15,1940,2170,12000,15,1820,1980,10,44
173,March,2017,3/31/2017,2.09,15,1870,2040,11000,13,1950,2210,6,35
174,April,2017,4/1/2017,2.67,18,1920,2130,13000,21,2230,2590,8,45
175,April,2017,4/1/2017,2.67,18,1920,2130,13000,21,2230,2590,8,45
176,April,2017,4/6/2017,3.55,15,2230,2540,2000,16,1480,1670,5,59
177,April,2017,4/6/2017,3.89,18,980,1120,3000,14,1500,1730,3,65
178,April,2017,4/6/2017,3.59,15,650,720,2000,10,1140,1450,5,60
179,April,2017,4/6/2017,3.13,15,430,560,4000,9,870,990,7,52
180,April,2017,4/6/2017,3.33,18,390,460,2000,8,720,850,2,56
181,April,2017,4/7/2017,3.11,15,490,510,3000,11,1020,1110,7,52
182,April,2017,4/7/2017,3.04,15,210,340,2000,12,890,1040,3,51
183,April,2017,4/7/2017,3.21,18,560,670,2000,15,920,1080,4,54
184,April,2017,4/7/2017,4.08,15,470,560,3000,12,780,820,5,68
185,April,2017,4/7/2017,3.26,15,390,450,2000,8,830,990,8,54
186,April,2017,4/8/2017,3.36,18,460,620,1000,9,790,830,10,56
187,April,2017,4/8/2017,3.62,15,530,670,2000,13,1120,1340,5,60
188,April,2017,4/8/2017,4.27,15,460,530,1000,12,820,1030,7,71
189,April,2017,4/8/2017,4.01,18,340,510,2000,10,730,910,5,67
190,April,2017,4/8/2017,3.88,15,360,490,1000,15,820,950,8,65
191,April,2017,4/21/2017,4.67,15,2540,2330,12000,32,2450,2670,10,78
192,March,2017,5/5/2017,3.53,18,2870,3140,16000,21,3460,3720,11,59
193,March,2017,5/5/2017,4.07,15,2230,2820,14000,19,3250,3890,14,68
194,March,2017,5/6/2017,3.93,15,2340,2530,15000,18,2890,3100,12,66
195,March,2017,5/11/2017,2.59,18,2560,2430,18000,16,3120,3240,8,43
196,March,2017,5/11/2017,3.81,15,2340,2250,19000,22,2830,3020,5,64
197,March,2017,5/22/2017,3.3,15,2480,2320,14000,21,2990,3120,9,55
198,March,2017,5/22/2017,3.84,18,2540,2410,15000,16,1980,2230,5,64
199,March,2017,5/26/2017,4.1,15,2980,2830,17000,18,2590,2730,14,68
200,June,2017,6/21/2017,4.1,18,3250,2980,21000,23,3460,3640,12,68
201,June,2017,6/21/2017,2.52,15,3340,3120,26000,16,2640,3010,8,42
202,June,2017,6/27/2017,1.95,15,2850,2560,17000,21,2430,2790,7,33
203,July,2017,7/3/2017,3.58,18,3220,3140,23000,24,2870,3160,18,60
204,July,2017,7/3/2017,1.5,15,2110,1920,14000,32,1780,2140,11,25
205,July,2017,7/12/2017,3.63,15,3670,3240,32000,34,3020,3560,22,61
206,July,2017,7/27/2017,2.21,18,2890,2710,11000,20,2890,3250,13,37
207,July,2017,7/28/2017,4.04,15,1460,1250,9000,12,1120,1540,21,67
208,August,2017,8/2/2017,3.87,15,3240,3120,18000,27,2780,3170,14,65
209,August,2017,8/4/2017,3.68,18,3530,3240,26000,25,3250,3590,9,61
210,August,2017,8/7/2017,2.17,15,2760,2500,19000,31,2230,2740,6,36
211,August,2017,8/11/2017,2.1,15,2980,2740,22000,28,2640,2930,13,35
212,August,2017,8/18/2017,3.7,18,2430,2010,27000,36,2910,3310,11,62
213,August,2017,8/19/2017,3.39,15,1500,1390,12000,42,600,750,6,57
214,August,2017,8/19/2017,3.14,15,1270,1140,9000,13,780,890,8,52
215,August,2017,8/19/2017,3.54,18,1340,1180,13000,31,630,1250,5,59
216,September,2017,9/12/2017,3.07,18,2780,2540,11000,21,1460,1870,6,51
217,September,2017,9/25/2017,2.15,15,2910,2890,14000,32,1870,2140,12,36
218,October,2017,10/11/2017,2.76,15,2760,2450,11000,24,1640,2350,8,46
219,October,2017,10/25/2017,2.76,18,2950,2780,10000,29,1780,2130,7,46
220,November,2017,11/14/2017,2.38,15,2550,2870,12000,23,1640,2210,13,40
221,November,2017,11/15/2017,2.02,15,2720,2980,11000,32,1870,2340,11,34
222,January,2018,1/15/2018,2.17,15,2540,3160,15000,28,2220,2560,12,36
223,January,2018,1/25/2018,2.08,15,2370,2790,21000,12,1540,2760,8,35
224,February,2018,2/5/2018,3.12,18,2250,3120,18000,16,1630,2800,6,52
225,February,2018,2/5/2018,2.45,15,1260,1670,22000,9,870,1580,4,41
226,February,2018,2/5/2018,3.72,15,950,1470,16000,11,920,1340,6,62
227,February,2018,2/6/2018,4,18,1020,1590,14000,7,1110,1850,12,67
228,February,2018,2/11/2018,3.54,15,2250,2560,24000,18,1430,2260,14,59
229,February,2018,2/11/2018,3.19,15,1130,1470,12000,10,650,1400,5,53
230,February,2018,2/11/2018,4.51,18,1240,1510,11000,6,710,1390,4,75
231,February,2018,2/13/2018,2.97,15,1950,2130,16000,3,1050,1670,8,50
232,February,2018,2/13/2018,3.78,15,1460,1620,12000,5,630,1320,3,63
233,March,2018,3/6/2018,2.66,15,2210,2650,18000,11,1420,1710,7,44
234,March,2018,3/6/2018,2.64,15,2470,2810,19000,13,1540,1980,10,44
235,April,2018,4/16/2018,4.3,15,2150,2300,23000,16,1320,2070,12,72
236,April,2018,4/16/2018,2.91,15,970,1100,8000,2,300,800,1,49
237,April,2018,4/16/2018,3.62,15,840,920,7000,3,290,650,4,60
238,April,2018,4/16/2018,2.4,12,790,910,8000,4,260,590,2,40
239,April,2018,4/17/2018,3.19,15,750,830,6000,3,190,400,4,53
240,April,2018,4/17/2018,3.03,15,810,890,5000,4,200,450,3,51
241,April,2018,4/17/2018,3.26,15,790,1020,6000,3,150,500,4,54
242,April,2018,4/17/2018,3.04,15,670,840,7000,2,230,620,3,51
243,April,2018,4/18/2018,3.09,15,710,910,7000,4,310,780,4,52
244,April,2018,4/18/2018,2.72,15,730,840,6000,6,280,640,2,45
245,April,2018,4/18/2018,3.65,15,820,980,7000,5,170,590,5,61
246,April,2018,4/18/2018,3.38,15,760,870,6000,3,240,720,1,56
247,April,2018,4/18/2018,3.44,15,670,780,6000,7,310,810,3,57
248,April,2018,4/18/2018,2.57,15,730,850,6000,2,110,570,2,43
249,April,2018,4/20/2018,3.36,15,750,870,7000,4,230,730,4,56
250,April,2018,4/20/2018,2.72,15,820,910,8000,3,190,610,2,45
251,April,2018,4/26/2018,3.81,15,1580,1870,12000,12,980,1560,3,64
252,March,2018,5/12/2018,3.36,15,2130,2340,11000,9,1140,2140,4,56
253,March,2018,5/14/2018,4.29,15,2350,2130,14000,5,600,2350,5,72
254,March,2018,5/14/2018,4.29,15,2460,2370,17000,3,740,2570,3,72
255,March,2018,5/16/2018,4,15,1220,1360,8000,4,350,780,2,67
256,March,2018,5/16/2018,3.25,15,950,890,7000,3,250,1010,3,54
257,March,2018,5/16/2018,1.6,15,400,320,4000,2,210,780,0,27
258,March,2018,5/17/2018,3.62,15,1050,1170,6000,4,470,970,2,60
259,March,2018,5/28/2018,3.19,15,1480,1560,8000,3,1360,2340,3,53
260,March,2018,5/28/2018,2.86,15,1300,1230,7000,6,1130,2140,2,48
261,March,2018,5/28/2018,4.1,15,1650,1490,9000,2,820,1930,1,68
262,March,2018,5/31/2018,3.38,15,2130,2240,11000,9,650,2350,2,56
263,June,2018,6/3/2018,3.35,15,2340,2580,12000,11,1130,1760,5,56
264,June,2018,6/3/2018,3.17,15,1890,2130,14000,6,870,1590,4,53
265,June,2018,6/5/2018,4.19,15,1420,1650,8000,3,590,1020,3,70
266,June,2018,6/5/2018,2.6,15,1280,1330,9000,3,630,1170,2,43
267,June,2018,6/5/2018,4.15,15,1140,1290,7000,2,570,1340,4,69
268,June,2018,6/12/2018,4.23,15,870,950,11000,6,890,1220,2,71
269,June,2018,6/12/2018,4.15,15,940,1130,10000,8,760,1430,8,69
270,June,2018,6/12/2018,4.44,15,620,730,5000,4,810,1020,3,74
271,June,2018,6/28/2018,3.12,15,1560,1780,13000,5,1240,1750,2,52
272,June,2018,6/29/2018,0.96,15,1720,1980,12000,4,1110,1500,2,16
273,July,2018,7/18/2018,2.99,15,1890,1630,13000,8,850,1290,3,50
274,July,2018,7/22/2018,3.49,15,1760,1830,10000,10,790,1340,1,58
275,July,2018,7/24/2018,4.39,15,890,1020,8000,4,340,710,5,73
276,July,2018,7/24/2018,3.57,15,710,850,6000,2,410,820,3,60
277,July,2018,7/24/2018,3.79,15,620,540,4000,2,370,560,1,63
278,July,2018,7/24/2018,4.24,15,780,670,5000,3,50,720,2,71
279,July,2018,7/25/2018,3.49,15,540,430,8000,6,410,910,7,58
280,July,2018,7/25/2018,4.16,15,670,720,7000,4,360,840,4,69
281,July,2018,7/26/2018,3.17,15,820,540,6000,8,430,750,5,53
282,July,2018,7/28/2018,3.31,15,540,650,10000,5,500,690,1,55
283,July,2018,7/28/2018,3.32,15,730,670,7000,6,290,1020,7,55
284,July,2018,7/28/2018,3.98,15,910,790,5000,9,370,560,2,66
285,July,2018,7/28/2018,3.84,15,710,630,8000,2,300,730,3,64
286,August,2018,8/9/2018,3.31,15,1750,990,11000,6,910,1650,6,55
287,August,2018,8/14/2018,4.62,18,1320,1010,4900,14,1260,920,1,77
288,August,2018,8/14/2018,3.74,15,2740,1130,6700,29,2100,1340,9,62
289,August,2018,8/14/2018,3.27,15,1120,790,4000,4,1050,1160,0,55
290,August,2018,8/14/2018,3.04,18,2100,980,3000,12,940,990,2,51
291,September,2018,9/1/2018,2.43,15,3110,1420,6500,38,990,1620,14,41
292,September,2018,9/1/2018,3.35,15,1200,880,5000,9,1210,1500,11,56
293,September,2018,9/9/2018,3.5,15,1390,870,7200,18,560,2100,6,58
294,September,2018,9/9/2018,4.25,18,940,600,2500,6,470,860,0,71
295,September,2018,9/10/2018,3.77,15,1220,940,5000,12,850,1100,4,63
296,September,2018,9/16/2018,2.26,15,1960,1070,7000,31,1000,1570,9,38
297,September,2018,9/25/2018,3.09,18,2150,950,8000,19,490,1410,16,52
298,September,2018,9/25/2018,2.95,15,2380,1250,7500,22,1500,1860,14,49
299,October,2018,10/4/2018,3.28,15,1440,800,4000,11,1700,2100,8,55
300,October,2018,10/4/2018,3.1,18,1080,610,6000,26,820,1640,8,52
301,October,2018,10/19/2018,3.04,15,1840,710,8000,38,1050,1820,11,51
302,November,2018,11/4/2018,3.11,15,2100,1420,5500,12,880,980,6,52
303,November,2018,11/4/2018,2.26,15,1500,1040,4000,8,1210,1440,4,38
304,November,2018,11/4/2018,3.46,15,660,560,3000,4,700,840,0,58
305,November,2018,11/4/2018,4.54,18,590,540,2000,14,390,880,4,76
306,November,2018,11/19/2018,3.19,15,1200,1140,6500,21,1100,1660,9,53
307,November,2018,11/25/2018,3.17,15,2610,1600,6000,28,940,1650,14,53
308,November,2018,11/25/2018,2.78,18,1820,1880,5000,8,800,1220,2,46
309,November,2018,11/25/2018,2.77,15,1080,1640,6000,14,640,980,0,46
310,November,2018,11/30/2018,3.26,15,790,1000,5500,31,1080,1140,6,54
311,December,2018,12/17/2018,3.53,18,1240,990,4000,20,840,1200,8,59
312,December,2018,12/20/2018,3.38,15,780,940,3000,10,550,840,8,56
313,December,2018,12/20/2018,2.96,15,480,500,1500,18,400,300,0,49
314,December,2018,12/20/2018,3.62,15,300,440,2000,10,250,400,4,60
315,January,2019,1/23/2019,2.5,15,990,1640,4500,6,990,1230,13,42
316,January,2019,1/23/2019,3.07,15,1110,1940,6000,21,1010,750,17,51
317,February,2019,2/12/2019,2.33,15,580,890,3400,0,750,1100,2,39
318,February,2019,2/12/2019,3.24,15,2200,2750,4600,4,1400,1750,11,54
319,March,2019,3/5/2019,2.52,15,1900,3300,6600,14,790,1250,14,42
320,March,2019,3/5/2019,2.27,14,2800,2700,8400,5,800,1400,9,38
321,March,2019,3/22/2019,3.06,15,840,1050,3500,3,450,840,0,51
322,March,2019,3/22/2019,3.33,15,680,880,2400,4,240,650,6,56
323,March,2019,3/22/2019,3.03,15,300,500,2000,0,425,750,6,51
324,March,2019,3/23/2019,2.6,15,240,450,1200,2,350,600,3,43
325,April,2019,4/13/2019,2.26,15,1015,990,5600,6,510,775,11,38
326,April,2019,4/18/2019,3.52,15,2150,2200,6450,11,780,1020,14,59
327,April,2019,4/18/2019,3.84,15,580,480,3100,3,250,230,4,64
328,April,2019,4/24/2019,3.57,15,1400,1760,5500,5,1040,1200,8,60
329,April,2019,4/30/2019,5.1,15,800,450,2400,2,240,350,1,85
330,April,2019,4/30/2019,3.53,15,1110,1460,7200,12,500,580,4,59
331,March,2019,5/11/2019,3.04,15,1980,2100,4400,6,660,680,8,51
332,March,2019,5/11/2019,3.07,15,1040,1240,3200,14,780,1040,14,51
333,March,2019,5/13/2019,3.23,15,940,1400,5990,10,1000,780,9,54
334,March,2019,5/13/2019,3.73,15,600,450,1200,3,240,350,4,62
335,March,2019,5/13/2019,3.38,15,460,840,980,4,180,250,4,56
336,March,2019,5/13/2019,2.92,15,980,1200,2400,18,640,800,14,49
337,March,2019,5/15/2019,2.83,15,1880,2440,4200,10,990,460,22,47
338,March,2019,5/15/2019,2.76,15,900,1300,3800,4,480,660,6,46
339,March,2019,5/28/2019,2.51,15,1740,2000,6400,13,600,780,9,42
340,March,2019,5/28/2019,2.72,15,1140,1080,5400,16,900,1080,10,45
341,March,2019,5/31/2019,3.19,15,2040,1250,6600,17,860,1480,8,53
342,June,2019,6/12/2019,3.23,15,2800,2200,7800,14,1050,2000,17,54
343,June,2019,6/12/2019,3.08,15,1800,2240,6300,11,600,1450,8,51
344,June,2019,6/17/2019,3.02,15,3300,2400,8000,18,500,1600,16,50
345,July,2019,7/3/2019,2.08,15,1880,1640,7200,22,800,1380,11,35
346,July,2019,7/3/2019,2.03,15,2000,1100,5000,18,400,1500,8,34
347,July,2019,7/6/2019,2.48,15,2680,980,4400,34,560,980,20,41
348,July,2019,7/6/2019,3.34,15,950,650,3400,4,280,680,7,56
349,July,2019,7/6/2019,2.69,15,3700,1500,5800,12,600,1100,8,45
350,July,2019,7/6/2019,2.57,15,1900,840,8800,18,880,1400,18,43
351,July,2019,7/9/2019,3.45,15,3600,980,8400,18,680,1440,14,58
352,July,2019,7/9/2019,2.25,15,2400,1100,9400,38,380,2040,22,38
353,July,2019,7/13/2019,2.48,15,4400,1800,7200,11,660,1340,12,41
354,July,2019,7/13/2019,3.13,15,980,210,1000,0,360,740,4,52
355,July,2019,7/13/2019,2.65,15,1980,800,4400,12,440,1800,14,44
356,July,2019,7/19/2019,3.96,15,3600,1400,6800,8,280,1600,32,66
357,August,2019,8/2/2019,2.61,15,2200,680,5000,24,740,1380,10,44
358,August,2019,8/2/2019,3.82,15,2800,980,4800,12,360,640,4,64
359,August,2019,8/8/2019,2.66,15,4200,1400,7800,32,240,1310,14,44
360,August,2019,8/24/2019,4.25,15,800,360,1800,0,100,240,0,71
361,August,2019,8/24/2019,2.96,15,1400,720,2200,4,180,540,6,49
362,August,2019,8/24/2019,4,15,1800,980,3600,8,88,980,13,67
363,August,2019,8/24/2019,3.17,15,2210,950,5000,24,120,960,21,53
364,October,2019,10/18/2019,3.07,15,980,800,2200,6,840,1100,4,51
365,October,2019,10/18/2019,2.41,15,2800,2020,6500,10,660,1200,12,40
366,October,2019,10/18/2019,3.21,15,1900,1200,6600,22,800,2100,16,54
367,October,2019,10/25/2019,3.25,15,2780,2100,7200,16,940,1980,28,54
368,October,2019,10/28/2019,3.43,15,2440,2000,5300,10,350,1400,12,57
369,October,2019,10/28/2019,3.28,15,3400,1880,7800,12,480,1580,20,55
370,October,2019,10/28/2019,2.66,15,920,1240,4800,0,240,560,4,44
371,October,2019,10/30/2019,2.98,15,1260,1480,3600,14,320,880,2,50
372,November,2019,11/2/2019,3.05,15,1980,1550,4900,8,180,560,12,51
373,November,2019,11/2/2019,2.23,15,1000,1200,6400,12,560,880,2,37
374,November,2019,11/4/2019,3.2,15,960,800,5500,4,340,1020,11,53
375,November,2019,11/4/2019,3.2,15,640,720,3400,0,210,400,4,53
376,November,2019,11/25/2019,3.58,15,860,980,4000,8,180,720,1,60
377,November,2019,11/25/2019,3.88,15,590,500,1200,0,88,190,0,65
378,November,2019,11/25/2019,2.25,15,1800,1680,2800,24,100,240,3,38
379,December,2019,12/6/2019,2.72,15,3600,3200,7000,8,420,1200,9,45
380,December,2019,12/20/2019,2.78,15,2300,2400,8400,9,360,1700,12,46
381,January,2020,1/18/2020,2.75,15,3900,2100,12500,15,750,1100,16,46
382,January,2020,1/18/2020,1.8,15,2900,1800,10400,8,850,1800,12,30
383,January,2020,1/19/2020,2.9,15,1850,1100,9800,12,550,980,8,48
384,January,2020,1/27/2020,2.54,15,3400,2400,12000,21,1040,1450,6,42
385,January,2020,1/27/2020,2.18,15,980,900,6500,4,720,840,14,36
386,January,2020,1/27/2020,3.24,15,750,640,5400,8,440,640,2,54
387,January,2020,1/27/2020,3.07,15,500,440,4200,4,500,560,6,51
388,January,2020,1/30/2020,2.8,15,3200,2400,9600,14,980,1200,14,47
389,January,2020,1/30/2020,2.8,15,3800,2700,9400,12,660,980,10,47
390,February,2020,2/10/2020,1.9,15,1850,980,8000,2,880,1040,9,32
391,March,2020,3/2/2020,2.34,15,2800,2000,7200,18,420,800,16,39
392,March,2020,3/24/2020,2.15,15,980,900,5600,4,500,1000,7,36
393,March,2020,3/30/2020,3.86,15,3200,2700,11000,18,840,1040,11,64
394,April,2020,4/11/2020,3.98,15,2800,2100,5900,13,1050,1640,6,66
395,April,2020,4/14/2020,4.62,15,2640,1880,6800,20,860,1200,14,77
396,April,2020,4/14/2020,3.36,15,1200,840,2000,0,460,800,8,56
397,April,2020,4/14/2020,2.91,15,510,490,1800,4,140,380,4,49
398,April,2020,4/15/2020,3.5,15,660,360,1700,7,100,340,4,58
399,April,2020,4/15/2020,3.13,15,480,290,1100,9,80,290,2,52
400,April,2020,4/23/2020,3.06,15,2900,2200,5500,11,400,1600,14,51
401,April,2020,4/25/2020,3.17,15,2300,1200,4200,22,480,980,19,53
402,March,2020,5/2/2020,4.22,15,1980,1480,4900,12,600,680,16,70
403,March,2020,5/2/2020,3.68,15,1040,880,5200,20,550,1040,22,61
404,March,2020,5/2/2020,4,15,900,600,3400,4,380,450,12,67
405,June,2020,6/6/2020,3.98,15,3400,2400,4000,8,280,1100,24,66
406,June,2020,6/6/2020,2.55,15,1800,850,4200,22,440,760,12,43
407,June,2020,6/19/2020,0.78,15,3000,2700,5800,12,300,900,10,13
408,June,2020,6/22/2020,3.04,15,2800,1400,6000,18,560,1010,10,51
409,June,2020,6/22/2020,3,15,950,750,3400,24,240,770,1,50
410,June,2020,6/24/2020,3.79,15,3800,2100,4300,13,450,960,14,63
411,June,2020,6/24/2020,3.84,15,800,880,2100,4,140,540,0,64
412,June,2020,6/24/2020,3.96,15,760,980,1800,2,80,280,4,66
413,June,2020,6/24/2020,3.29,15,540,320,1400,8,100,180,0,55
414,June,2020,6/24/2020,3.35,15,340,290,2100,2,74,310,2,56
415,June,2020,6/25/2020,3.44,15,600,340,1200,6,120,290,3,57
416,June,2020,6/25/2020,3.78,15,480,340,1300,14,200,340,6,63
417,July,2020,7/2/2020,2.93,15,2100,1200,5100,15,680,1020,11,49
418,July,2020,7/8/2020,3.34,15,1840,1440,4200,19,500,850,15,56
419,July,2020,7/13/2020,2.14,15,1100,980,3200,12,400,640,12,36
420,July,2020,7/24/2020,3.1,15,2650,1300,4900,18,690,900,8,52
421,July,2020,7/24/2020,3.05,15,1900,990,3750,14,500,750,19,51
422,July,2020,7/27/2020,3.11,15,900,660,3050,8,350,360,12,52
423,July,2020,7/27/2020,3.32,15,1880,950,3900,10,380,480,10,55
424,August,2020,8/3/2020,2.92,15,1240,880,3100,14,300,400,24,49
425,August,2020,8/11/2020,2.98,15,3000,2250,5000,20,800,1100,16,50
426,August,2020,8/11/2020,1.89,15,2300,900,4750,20,660,740,9,32
427,August,2020,8/18/2020,2.7,15,1400,840,3200,12,350,760,10,45
428,August,2020,8/26/2020,1.41,15,2050,1250,4400,16,280,680,16,24
429,September,2020,9/4/2020,3.52,15,3250,1500,4000,14,820,800,12,59
430,September,2020,9/4/2020,3.39,15,2100,1420,3200,10,680,650,20,57
431,September,2020,9/12/2020,2.36,15,2450,1640,4500,18,500,640,18,39
432,October,2020,10/1/2020,3.19,15,4050,2500,6400,21,480,1050,21,53
433,October,2020,10/30/2020,3.02,15,3800,2200,5200,18,750,900,24,50
434,October,2020,10/30/2020,2.98,15,3000,1850,3000,12,680,880,14,50
435,October,2020,10/31/2020,3.39,15,2200,1200,3200,12,300,480,8,57
436,November,2020,11/13/2020,4.29,15,3500,2500,4900,20,480,720,11,72
437,November,2020,11/13/2020,3.62,15,1800,1000,3300,8,280,640,8,60
438,November,2020,11/13/2020,2.45,15,1250,900,2200,10,300,480,9,41
439,December,2020,12/1/2020,2.92,15,2200,980,5600,21,500,840,14,49
440,December,2020,12/1/2020,3.07,15,1640,800,4100,10,280,480,21,51
441,December,2020,12/1/2020,2.42,15,1080,750,3800,14,360,380,18,40
442,December,2020,12/3/2020,3.11,15,1790,1040,4900,19,480,540,12,52
443,December,2020,12/3/2020,2.92,15,2080,1100,5200,24,280,640,16,49
444,December,2020,12/9/2020,1.94,15,1600,880,3800,24,360,480,21,32
445,December,2020,12/18/2020,3.02,15,2200,1080,4050,12,400,400,10,50
446,December,2020,12/26/2020,2.79,15,2000,980,3600,15,280,640,14,47
447,December,2020,12/26/2020,2.01,15,1200,780,3200,20,500,360,20,34
448,December,2020,12/26/2020,3.35,15,980,600,2800,21,280,480,8,56
449,December,2020,12/26/2020,3.34,15,800,640,2700,12,380,450,28,56
450,December,2020,12/26/2020,3.08,15,1200,720,4200,18,270,720,0,51
451,December,2020,12/30/2020,2.73,15,1800,780,4200,14,270,280,14,46
452,December,2020,12/30/2020,2.12,15,1440,600,3600,21,420,360,15,35
453,January,2021,1/4/2021,2.81,15,1600,840,3400,24,320,540,12,47
454,February,2021,2/17/2021,2.43,15,2400,1100,4400,9,980,1050,10,47
455,March,2021,3/3/2021,2.69,15,1900,860,3800,14,1000,750,18,45
456,March,2021,3/23/2021,1.83,15,2100,900,4200,16,680,800,12,31
457,March,2021,3/25/2021,3.14,15,1200,500,3300,8,580,720,8,52
458,March,2021,3/25/2021,2.72,15,720,280,2800,20,320,420,14,45
459,March,2021,3/25/2021,3.34,15,800,240,2700,4,180,380,6,56
460,March,2021,3/27/2021,3.64,15,2200,750,3000,24,540,740,14,61
461,March,2021,3/27/2021,2.95,15,1600,880,4200,12,480,890,20,49
462,March,2021,3/27/2021,2.34,15,1000,280,2400,0,400,960,12,39
463,March,2021,3/31/2021,2.55,15,3000,720,3600,21,720,1200,21,43
464,April,2021,4/13/2021,3.5,15,2700,1400,4400,12,810,1050,14,58
465,March,2021,5/6/2021,5.03,15,2300,840,5000,28,640,980,18,84
466,March,2021,5/6/2021,3.9,15,1900,560,3900,14,590,1010,26,65
467,March,2021,5/28/2021,3.66,15,5800,600,5400,20,700,880,30,61
468,March,2021,5/28/2021,3.69,15,1800,440,3400,22,540,980,14,62
469,June,2021,6/1/2021,3.77,15,2200,480,4000,12,400,600,18,49
470,June,2021,6/1/2021,4.27,15,3400,360,5400,28,720,1000,20,71
471,June,2021,6/4/2021,3.03,15,4400,480,4800,34,720,980,22,51
472,June,2021,6/11/2021,3.83,15,3400,660,6000,22,560,800,21,64
473,June,2021,6/11/2021,3.3,15,2500,360,4400,18,320,720,12,55
474,June,2021,6/11/2021,3.9,15,1600,290,2800,16,300,540,14,65
475,June,2021,6/12/2021,2.78,15,1200,250,2700,10,320,360,8,46
476,June,2021,6/12/2021,2.67,15,1040,200,2700,12,480,320,10,45
477,June,2021,6/15/2021,3.58,15,4400,640,5000,30,600,1080,28,60
478,July,2021,7/2/2021,4.5,15,4800,720,6200,32,810,1200,30,75
479,July,2021,7/2/2021,3.91,15,1800,180,2900,21,300,600,12,65
480,July,2021,7/14/2021,1.32,15,3600,640,4800,16,440,840,18,22
481,August,2021,8/3/2021,2.31,15,3000,340,4800,24,320,480,18,39
482,August,2021,8/12/2021,3.66,15,4200,540,5400,28,680,1100,28,61
483,August,2021,8/12/2021,2.07,15,1400,120,2400,12,180,940,8,35
484,August,2021,8/16/2021,3.8,15,2800,340,3400,16,290,800,12,63
485,August,2021,8/16/2021,3.97,15,1800,140,2400,10,200,540,12,66
486,August,2021,8/20/2021,5.2,15,3400,660,4200,24,480,960,24,87
487,September,2021,9/1/2021,2,15,2600,420,5200,20,220,640,18,33
488,September,2021,9/2/2021,1.66,15,3300,510,4900,22,340,1010,14,28
489,September,2021,9/2/2021,2.18,15,4100,680,5400,12,280,940,20,36
490,September,2021,9/3/2021,4.01,15,1800,350,3800,18,180,690,10,67
491,September,2021,9/15/2021,2.9,15,3500,480,4900,24,200,1050,28,48
492,September,2021,9/24/2021,4.12,15,2900,500,3300,30,340,890,14,69
493,September,2021,9/24/2021,4,15,850,100,1800,2,100,440,2,67
494,September,2021,9/24/2021,2.92,15,680,180,2000,8,75,360,14,49
495,October,2021,10/26/2021,3.38,15,3100,380,4500,18,180,980,22,56
496,October,2021,10/26/2021,3.81,15,1750,400,4800,30,220,740,12,64
497,October,2021,10/26/2021,2.61,15,980,120,2800,16,140,1000,20,44
498,November,2021,11/1/2021,3.02,15,2800,400,5500,24,240,880,32,50
499,November,2021,11/1/2021,2.54,15,1200,320,3000,12,150,400,2,42
500,November,2021,11/1/2021,3.09,15,840,240,1400,4,80,280,6,52
501,November,2021,11/1/2021,3.73,15,1040,250,2200,11,100,320,18,62
502,November,2021,11/1/2021,3.89,15,500,75,1500,10,110,460,4,65
503,November,2021,11/2/2021,3.9,15,800,100,1800,6,75,380,8,65
504,November,2021,11/2/2021,3.72,15,640,140,2000,12,100,500,2,62
505,November,2021,11/2/2021,2.66,15,900,150,1000,4,50,250,1,44
506,November,2021,11/3/2021,3.55,15,660,95,2800,24,100,375,20,59
507,November,2021,11/3/2021,2.8,15,750,150,1400,15,190,550,16,47
508,November,2021,11/13/2021,3.22,15,3800,450,4800,32,175,640,28,54
509,December,2021,12/7/2021,1.9,15,2900,290,4200,20,200,840,32,32
510,December,2021,12/31/2021,1.83,15,1800,320,3900,28,180,800,12,31
511,January,2022,1/5/2022,2.2,15,2700,220,5100,34,200,610,15,37
512,January,2022,1/18/2022,2.99,15,4200,520,4000,40,480,500,20,50
513,January,2022,1/18/2022,3.12,15,3000,325,3300,11,190,900,30,52
514,January,2022,1/19/2022,2.86,15,1200,80,2200,10,140,400,12,48
515,January,2022,1/19/2022,2.72,15,600,70,1000,13,24,180,4,45
516,February,2022,2/21/2022,2.71,15,3100,220,4400,28,110,650,36,45
517,March,2022,3/11/2022,2.15,15,4400,210,5200,30,140,500,28,36
518,March,2022,3/25/2022,4.66,15,2800,140,3300,18,80,550,36,78
519,March,2022,3/25/2022,2.35,15,1100,100,3000,24,100,600,12,39
520,April,2022,4/2/2022,2.75,15,3400,240,4800,34,81,800,18,46
521,April,2022,4/7/2022,2.59,15,2800,200,5000,10,120,540,21,43
522,April,2022,4/7/2022,3.7,15,800,64,1200,6,50,350,2,62
523,April,2022,4/7/2022,2.61,15,1800,110,2300,20,120,460,14,44
524,April,2022,4/8/2022,3.97,15,540,50,900,4,64,240,0,66
525,April,2022,4/29/2022,4.51,15,3300,300,4200,34,140,640,20,75
526,March,2022,5/11/2022,2.83,15,2800,220,3600,22,180,780,30,47
527,March,2022,5/11/2022,4.14,15,900,48,1200,8,80,580,8,69
528,March,2022,5/17/2022,3.21,15,2100,110,5000,24,140,900,28,54
529,March,2022,5/24/2022,3.83,15,3200,200,6200,40,120,1000,40,64
530,March,2022,5/31/2022,3.97,15,1440,75,3600,22,80,440,14,66
531,March,2022,5/31/2022,4.02,15,800,50,1800,10,64,320,6,67
532,March,2022,5/31/2022,3.76,15,540,110,1100,4,50,450,12,63
533,June,2022,6/1/2022,3.18,15,2900,420,3800,12,240,1100,9,53
534,June,2022,6/10/2022,4.02,15,2000,340,2900,8,320,880,20,67
535,June,2022,6/10/2022,3.36,15,960,120,1500,14,96,640,10,56
536,June,2022,6/11/2022,1.64,10,3200,290,4200,9,380,1000,6,27
537,June,2022,6/11/2022,3.76,15,1250,100,2100,24,200,960,18,63
538,June,2022,6/29/2022,1.97,15,2900,360,3200,12,400,840,14,33
539,June,2022,6/29/2022,3.96,15,2100,240,4800,20,360,1200,21,66
540,July,2022,7/5/2022,3.77,15,3600,320,5000,12,330,1400,18,63
541,July,2022,7/5/2022,3.25,15,1400,120,3600,22,280,980,30,54
542,July,2022,7/15/2022,2.75,15,3900,200,4200,21,210,1200,18,46
543,July,2022,7/18/2022,2.7,15,3000,240,4400,24,270,1100,12,45
544,July,2022,7/18/2022,3.39,15,1800,96,2800,4,120,980,10,57
545,July,2022,7/21/2022,2.82,15,2700,180,3800,10,200,860,21,47
546,July,2022,7/27/2022,2.03,15,2400,120,4400,28,360,1500,24,34
547,July,2022,7/29/2022,1.69,13,2900,210,4900,16,290,900,12,28
548,August,2022,8/9/2022,2.84,15,1400,280,3500,12,140,750,20,47
549,August,2022,8/19/2022,2.25,15,3900,340,5500,20,200,1100,30,38
550,September,2022,9/9/2022,3.09,15,4200,390,4800,10,180,960,21,52
551,September,2022,9/13/2022,3.67,15,2800,120,4200,12,150,1000,36,61
552,September,2022,9/14/2022,3.64,15,1900,200,6300,8,80,1260,14,61
553,September,2022,9/14/2022,3.78,15,960,75,2900,11,100,660,8,63
554,September,2022,9/14/2022,3.69,15,640,50,1800,24,140,500,6,62
555,September,2022,9/15/2022,3.88,15,750,84,2200,9,72,480,18,65
556,September,2022,9/15/2022,4.18,15,500,48,1800,10,84,360,5,70
557,October,2022,10/7/2022,2.73,14,3500,280,4900,21,210,1000,21,46
558,October,2022,10/7/2022,4.39,15,2900,320,5500,36,180,1360,18,73
559,November,2022,11/10/2022,2.03,15,2100,100,4900,42,150,1600,30,34
560,November,2022,11/14/2022,3.12,15,3200,280,5400,24,200,1200,32,52
561,November,2022,11/22/2022,2.27,15,1800,150,2900,12,160,980,21,38
562,December,2022,12/9/2022,2.54,15,1500,84,3900,36,190,1400,40,42
563,December,2022,12/17/2022,3.27,15,2100,120,4200,18,220,1600,21,55
564,December,2022,12/17/2022,2.79,15,1000,48,2100,8,64,900,14,47
565,December,2022,12/21/2022,3.15,15,2900,320,4800,21,180,1900,36,53
566,December,2022,12/28/2022,3.02,15,1600,100,3600,24,200,2000,27,50
567,December,2022,12/29/2022,3.36,15,2100,120,1800,21,110,1600,14,56
568,January,2023,1/27/2023,3.23,15,1700,210,2900,15,180,1500,10,54
569,February,2023,2/20/2023,3.03,15,2400,300,3300,21,210,1100,21,51
570,February,2023,2/20/2023,3.53,15,3600,280,4200,24,240,2200,30,59
571,March,2023,3/6/2023,3.14,15,2700,180,3200,18,270,1700,20,52
572,March,2023,3/29/2023,3.41,15,2900,200,3000,20,200,1400,14,57
573,April,2023,4/17/2023,4.78,15,1800,90,2400,16,170,980,11,80
574,April,2023,4/17/2023,5.31,15,2200,210,3800,30,280,1800,28,89
575,April,2023,4/20/2023,2.97,15,3000,280,4000,22,320,2100,18,50
576,April,2023,4/24/2023,3.66,15,2100,200,3300,21,260,2100,24,61
577,April,2023,4/24/2023,4.87,15,1000,64,1900,10,120,900,9,81
578,April,2023,4/24/2023,5.31,15,2700,190,3600,32,340,2000,32,89
579,March,2023,5/4/2023,3.66,15,2200,420,4100,27,290,2300,40,61
580,March,2023,5/4/2023,2.62,15,3100,380,2900,40,220,1800,21,44
581,June,2023,6/28/2023,3.56,15,3400,480,4400,36,310,2200,27,59
582,June,2023,6/28/2023,3.79,15,4000,390,4200,32,400,1400,38,63
583,June,2023,6/28/2023,2.28,10,2100,300,3300,12,240,1000,18,38
584,June,2023,6/29/2023,3.9,15,1900,220,4700,30,180,2100,21,65
585,July,2023,7/3/2023,4.08,15,2300,310,3900,27,220,1400,30,68
586,July,2023,7/5/2023,4.36,15,3200,270,5200,21,320,1800,27,73
587,July,2023,7/5/2023,4.23,15,1200,180,2500,18,190,1500,14,71
588,July,2023,7/10/2023,3.71,15,3400,400,4500,22,280,2200,27,62
589,July,2023,7/10/2023,3.58,15,2100,200,3200,29,250,1800,21,60
590,July,2023,7/10/2023,3.79,15,980,80,1400,6,150,980,2,63
591,July,2023,7/10/2023,3.88,15,540,48,980,0,120,450,8,65
592,July,2023,7/10/2023,3.81,15,1100,100,2100,12,48,900,12,64
593,July,2023,7/11/2023,3.82,15,750,50,1200,10,110,1200,10,64
594,July,2023,7/24/2023,1.89,10,1800,160,3200,24,220,1700,24,32
595,July,2023,7/24/2023,3.58,15,2300,390,5000,32,360,2400,30,60
596,July,2023,7/31/2023,3.67,15,3400,480,5800,24,440,3000,18,61
597,July,2023,7/31/2023,2.91,15,2700,300,4200,38,220,1800,30,49
598,August,2023,8/8/2023,4.44,15,3000,440,5400,21,330,1400,24,74
599,August,2023,8/9/2023,3.41,15,3800,350,6000,18,120,2100,40,57
600,August,2023,8/10/2023,3.83,15,4200,480,4800,40,270,2400,21,64
601,August,2023,8/10/2023,2.67,15,1800,90,3800,27,420,1850,42,45
602,August,2023,8/14/2023,2.15,10,2000,290,4300,24,400,3000,36,36
603,August,2023,8/17/2023,3.08,15,3300,400,5500,44,310,1100,10,51
604,September,2023,9/11/2023,2.77,15,4200,500,4200,18,540,2900,30,46
605,September,2023,9/11/2023,3.55,15,1200,210,3100,10,200,1400,6,59
606,September,2023,9/12/2023,3.51,15,2200,340,4400,20,140,2000,20,59
607,September,2023,9/12/2023,3.32,15,850,150,1800,8,180,1500,18,55
608,September,2023,9/12/2023,3.1,15,980,80,2100,16,80,1100,4,52
609,September,2023,9/13/2023,3.97,15,300,50,1500,12,120,600,0,66
610,September,2023,9/13/2023,2.86,15,450,120,900,0,100,800,0,48
611,September,2023,9/13/2023,3.53,15,80,20,500,4,40,350,2,59
612,September,2023,9/19/2023,2.39,10,1800,240,3600,24,280,2100,27,40
613,September,2023,9/19/2023,3.26,15,2200,380,4800,40,410,2700,18,54
614,September,2023,9/26/2023,3.55,15,3400,360,4200,20,300,1200,14,59
615,October,2023,10/10/2023,2.27,15,3100,240,3300,12,220,980,30,38
616,October,2023,10/18/2023,2.19,15,2600,190,3900,18,290,1600,20,37
617,November,2023,11/24/2023,3.36,15,1800,120,2400,6,140,1900,14,56
618,November,2023,11/24/2023,2.93,15,1200,180,3200,12,180,1000,22,49
619,November,2023,11/24/2023,2.46,15,2200,210,3700,21,240,1200,18,41
620,November,2023,11/24/2023,3.23,15,1400,100,2000,8,80,980,10,54
621,November,2023,11/29/2023,2.07,10,2100,180,2800,18,200,1500,30,35
622,November,2023,11/29/2023,2.63,15,1600,240,3200,28,260,1100,18,44
623,November,2023,11/29/2023,2.95,15,2000,160,4400,24,180,2200,12,49
624,December,2023,12/12/2023,3.18,15,3200,240,4200,30,210,1800,16,53
625,December,2023,12/12/2023,3.73,15,2100,190,3000,22,190,1200,20,62
626,December,2023,12/20/2023,3.01,15,1400,120,2900,12,220,980,32,50
627,December,2023,12/20/2023,2.34,15,880,75,2600,8,140,1400,10,39
628,December,2023,12/23/2023,2.88,15,2000,140,3200,18,200,1900,22,48
629,December,2023,12/23/2023,2.51,15,1200,210,4000,27,250,1600,21,42
630,January,2024,1/3/2024,3.18,15,1700,420,5200,16,310,2100,18,53
631,January,2024,1/8/2024,2.2,15,980,240,3100,20,280,1500,30,37
632,January,2024,1/8/2024,3,15,750,140,2800,18,250,1100,12,50
633,January,2024,1/11/2024,2.46,15,1900,380,4100,24,380,2200,28,41
634,January,2024,1/11/2024,2.82,15,1250,300,2600,21,440,1400,15,47
635,January,2024,1/12/2024,2.92,15,1000,270,2100,12,270,2500,32,49
636,January,2024,1/15/2024,2.61,15,850,110,1900,10,140,900,6,44
637,February,2024,2/15/2024,3.15,15,2100,540,4800,32,320,1600,24,53
638,March,2024,3/6/2024,2.96,15,2400,480,3600,22,300,2000,42,49
639,March,2024,3/26/2024,3.65,15,1800,410,2100,14,440,1900,21,61
640,March,2024,3/26/2024,2.54,15,1400,340,3600,40,520,3200,27,42
641,March,2024,3/29/2024,3.34,15,2900,420,4200,24,480,3000,28,56
642,April,2024,4/4/2024,4.3,15,1900,660,5500,12,250,4100,30,72
643,April,2024,4/9/2024,3.49,15,1100,210,2200,18,240,2600,12,58
644,April,2024,4/9/2024,1.25,15,900,180,1200,10,480,1700,42,21
645,March,2024,5/2/2024,4.9,15,2200,500,6400,32,380,3200,32,82
646,March,2024,5/10/2024,3.68,15,2000,380,3600,14,490,2000,15,61
647,March,2024,5/10/2024,4.7,15,1200,360,3200,20,200,1600,27,78
648,March,2024,5/30/2024,4.13,15,2400,580,4800,12,540,2700,36,69
649,March,2024,5/30/2024,3.34,15,850,100,1400,9,100,1000,12,56
650,June,2024,6/11/2024,3.02,15,1700,290,2100,21,280,3400,38,50
651,June,2024,6/11/2024,4,15,640,90,1100,10,90,1300,20,67
652,July,2024,7/2/2024,3.95,15,2500,310,4500,18,400,4200,12,66
653,July,2024,7/2/2024,3.95,15,1600,420,5400,32,340,3900,29,66
654,July,2024,7/9/2024,3.02,15,2000,510,6500,14,540,4900,18,50
655,July,2024,7/24/2024,3.23,15,1400,320,7200,40,210,2900,36,54
656,August,2024,8/2/2024,3.67,15,2900,740,8100,24,400,5100,20,61
657,August,2024,8/5/2024,3.55,15,1800,440,4900,30,360,4400,18,59
658,August,2024,8/5/2024,3.32,15,1500,480,5900,10,290,4900,18,55
659,August,2024,8/6/2024,3.63,15,950,250,6700,8,440,3600,30,61
660,August,2024,8/10/2024,3.97,15,3000,640,8500,21,320,6400,21,66
661,August,2024,8/10/2024,3.48,15,1400,360,4900,32,500,4800,34,58
662,August,2024,8/20/2024,3.15,15,2700,800,6500,10,490,5100,29,53
663,September,2024,9/23/2024,1.5,15,2400,660,7200,21,310,5400,20,25
664,September,2024,9/23/2024,3.71,15,1200,300,4900,18,440,3600,18,62
665,September,2024,9/30/2024,2.97,15,1500,490,5400,30,500,4100,34,50
666,November,2024,11/13/2024,3.47,15,2300,650,6200,14,520,5100,22,58
667,November,2024,11/25/2024,3.2,15,1900,480,5400,26,390,3900,32,53
668,December,2024,12/7/2024,2.29,15,3100,710,6400,29,650,6900,40,38
669,December,2024,12/13/2024,3.01,15,2100,390,5900,12,480,5600,22,50
670,December,2024,12/13/2024,2.89,15,2700,400,4800,32,510,4900,18,48
671,December,2024,12/13/2024,3.31,15,3000,520,6100,28,620,5900,21,55
672,February,2025,2/7/2025,3.09,15,4100,490,7200,36,540,6600,39,52
673,February,2025,2/25/2025,2.14,15,3400,620,4900,20,480,4200,21,36
674,March,2025,3/6/2025,3.38,15,2900,250,5800,39,440,3400,30,56
675,March,2025,3/7/2025,3.82,15,2400,440,6900,20,570,4900,24,64
676,March,2025,3/7/2025,4.13,15,3600,660,8100,18,360,5400,28,69
677,March,2025,3/24/2025,3.28,15,2800,390,6200,30,520,3300,14,55
678,March,2025,3/24/2025,3.86,15,1800,220,4900,12,320,4400,21,64
679,April,2025,4/2/2025,3.72,15,2700,410,5400,29,400,5200,12,62
680,April,2025,4/15/2025,4.84,15,3100,540,7000,18,480,5500,22,81
681,April,2025,4/28/2025,4.21,15,4000,380,6600,30,550,6900,18,70
682,April,2025,4/28/2025,4.4,15,1600,240,4200,20,490,4500,22,73
683,March,2025,5/6/2025,4.6,15,2900,400,6000,21,590,5700,30,77
684,March,2025,5/6/2025,3.53,15,1900,320,4900,14,340,3900,10,59
685,March,2025,5/15/2025,2.92,15,3200,640,7100,29,570,6100,28,49
686,March,2025,5/16/2025,3.5,15,1700,390,5300,16,290,5600,32,58
687,March,2025,5/16/2025,5.18,15,1200,210,4900,8,360,3100,8,86
688,March,2025,5/21/2025,2.7,15,2800,480,6200,24,320,5100,21,45
689,March,2025,5/29/2025,3.73,15,3900,500,5600,24,450,6400,32,62
690,March,2025,5/30/2025,2.84,10,2100,340,4900,18,310,3900,22,47
691,June,2025,6/2/2025,2.53,15,3300,490,6600,30,550,5700,18,42
692,June,2025,6/2/2025,3.14,15,2900,460,5800,14,420,4900,27,52
693,June,2025,6/2/2025,3.89,15,2500,510,4800,21,690,7100,32,65
694,June,2025,6/4/2025,3.23,15,4000,610,6400,29,460,5200,20,54
695,June,2025,6/12/2025,3.45,15,2700,390,3900,12,550,5500,22,58
696,June,2025,6/20/2025,4.43,15,1400,280,4400,30,510,4400,18,74
697,June,2025,6/20/2025,3.95,15,950,180,3900,12,320,3600,10,66
698,June,2025,6/25/2025,2.35,15,3400,640,7000,27,590,6200,27,39
699,June,2025,6/27/2025,3.38,15,2800,520,5500,33,440,3900,38,56
700,July,2025,7/11/2025,4,15,3900,550,6600,18,640,5300,26,67
701,July,2025,7/16/2025,3.57,15,2500,480,7400,35,720,6400,22,60
702,July,2025,7/16/2025,2.64,10,2000,320,5300,12,490,4500,16,44
703,July,2025,7/17/2025,3.72,15,2900,490,6500,29,660,5900,30,62
704,July,2025,7/18/2025,3.55,15,3200,660,7500,40,680,6600,29,59
705,July,2025,7/18/2025,2.69,15,4100,570,5900,29,440,4900,18,45
706,July,2025,7/22/2025,2.79,15,2600,780,8000,15,320,7200,35,47
707,July,2025,7/29/2025,4.21,15,1500,440,4900,21,520,5500,22,70
708,August,2025,8/4/2025,3.51,15,1900,590,7600,29,480,6200,16,59
709,August,2025,8/15/2025,3.1,15,2300,550,8500,19,620,4800,24,52
710,August,2025,8/15/2025,3.31,15,1400,390,6100,26,350,4400,12,55
711,August,2025,8/20/2025,3.8,15,3400,700,8800,32,610,6300,29,63
712,September,2025,9/8/2025,3.89,15,1800,570,6900,22,700,5500,32,65
713,September,2025,9/8/2025,3.12,10,1200,420,5700,12,540,4900,14,52
714,September,2025,9/18/2025,3.62,15,2100,670,7800,27,680,7100,25,60
715,November,2025,11/1/2025,3.08,15,1700,540,8100,33,490,6900,22,51
716,November,2025,11/3/2025,3.26,15,2300,610,6500,20,520,5600,40,54
717,November,2025,11/3/2025,3.38,15,1800,490,7500,32,690,7200,12,56
718,November,2025,11/10/2025,2.6,15,2600,550,6600,25,590,5800,24,43
719,November,2025,11/26/2025,2.89,15,2100,390,8400,28,690,6400,33,48
720,December,2025,12/4/2025,1.98,15,1400,420,7300,22,550,5100,0,33
